addUser,addUser_Lifeline2Lifeline_SQ_tmpl.provn,SQ
insertUser,insertUser_Lifeline2Lifeline_SQ_tmpl.provn,SQ
validateEmail,validateEmail_Lifeline2Lifeline_SQ_tmpl.provn,SQ
submit,submit_Lifeline2Lifeline_SQ_tmpl.provn,SQ
register,register_Lifeline2Lifeline_SQ_tmpl.provn,SQ
register,User_register_SD_tmpl.provn,SD
validateEmail,View_validateEmail_SD_tmpl.provn,SD
initIdle,Model_initIdle_SD_tmpl.provn,SD
initNoRegistered,User_initNoRegistered_SD_tmpl.provn,SD
register,Controller_register_SD_tmpl.provn,SD
addUser,Model_addUser_SD_tmpl.provn,SD
initNotRegistered,Controller_initNotRegistered_SD_tmpl.provn,SD
changeUsername,User_changeUsername_SD_tmpl.provn,SD
initIdle,View_initIdle_SD_tmpl.provn,SD
remove,Model_remove_SD_tmpl.provn,SD
insertUser,Model_insertUser_SD_tmpl.provn,SD
changePassword,User_changePassword_SD_tmpl.provn,SD
getState,Controller_getState_SD_tmpl.provn,SD
submit,View_submit_SD_tmpl.provn,SD
